Workbook

Sheet raw_check
O1: PC1 | P1: VA1 | Q1: PC2 | R1: EF1 | S1: CF1 | U1: SC1 | V1: CE1 | W1: CLE1_Rev | X1: UI1 | Y1: DS1 | Z1: MD | AA1: TD | AB1: EF | AD1: PV_Rev | AE1: FR
A2: Model | B2: Student | C2: B1 | D2: BT1 | E2: B2 | F2: BT2 | G2: B3 | H2: BT3 | I2: B4 | J2: BT4 | K2: B5 | L2: BT5 | M2: B6 | N2: BT6 | O2: C1 | P2: C2 | Q2: C3 | R2: C4 | S2: C5 | T2: Check_4 | U2: C6 | V2: C7 | W2: C8 | X2: C9 | Y2: C10 | Z2: C11 | AA2: C12 | AB2: C13 | AC2: Check_3 | AD2: C14 | AE2: C15
A3: Base | B3: B1 | C3: 1 | D3: 50.155 | E3: 1 | F3: 29.583 | G3: 1 | H3: 79.572 | I3: 1 | J3: 20.34 | K3: 1 | L3: 74.377 | M3: 4 | N3: 3.641 | O3: 5 | P3: 3 | Q3: 4 | R3: 5 | S3: 4 | T3: 4 | U3: 3 | V3: 4 | W3: 5 | X3: 1 | Y3: 4 | Z3: 3 | AA3: 2 | AB3: 3 | AC3: 3 | AD3: 4 | AE3: 3
A4: Base | B4: B2 | C4: 1 | D4: 72.249 | E4: 1 | F4: 81.811 | G4: 1 | H4: 126.767 | I4: 1 | J4: 21.286 | K4: 1 | L4: 88.972 | M4: 3 | N4: 10.644 | O4: 4 | P4: 5 | Q4: 3 | R4: 4 | S4: 4 | T4: 4 | U4: 4 | V4: 5 | W4: 3 | X4: 3 | Y4: 5 | Z4: 3 | AA4: 2 | AB4: 2 | AC4: 3 | AD4: 3 | AE4: 1
A5: Base | B5: B3 | C5: 1 | D5: 90.234 | E5: 1 | F5: 91.759 | G5: 1 | H5: 74.163 | I5: 0 | J5: 66.995 | K5: 1 | L5: 101.899 | M5: 4 | N5: 3.558 | O5: 2 | P5: 3 | Q5: 2 | R5: 2 | S5: 2 | T5: 4 | U5: 3 | V5: 5 | W5: 4 | X5: 3 | Y5: 3 | Z5: 3 | AA5: 2 | AB5: 3 | AC5: 3 | AD5: 3 | AE5: 2
A6: Base | B6: B4 | C6: 1 | D6: 84.163 | E6: 1 | F6: 51.351 | G6: 1 | H6: 67.535 | I6: 0 | J6: 66.328 | K6: 1 | L6: 63.583 | M6: 2 | N6: 6.435 | O6: 2 | P6: 2 | Q6: 2 | R6: 1 | S6: 1 | T6: 4 | U6: 2 | V6: 4 | W6: 3 | X6: 1 | Y6: 1 | Z6: 1 | AA6: 5 | AB6: 4 | AC6: 3 | AD6: 2 | AE6: 1
A7: Base | B7: B5 | C7: 1 | D7: 128.336 | E7: 1 | F7: 157.507 | G7: 1 | H7: 71.867 | I7: 1 | J7: 75.599 | K7: 1 | L7: 78.297 | M7: 4 | N7: 6.11 | O7: 5 | P7: 5 | Q7: 5 | R7: 5 | S7: 5 | T7: 4 | U7: 5 | V7: 5 | W7: 5 | X7: 5 | Y7: 5 | Z7: 4 | AA7: 4 | AB7: 4 | AC7: 3 | AD7: 4 | AE7: 2
A8: Base | B8: B6 | C8: 1 | D8: 56.805 | E8: 1 | F8: 114.476 | G8: 1 | H8: 84.029 | I8: 1 | J8: 121.72 | K8: 0 | L8: 85.847 | M8: 3 | N8: 15.738 | O8: 2 | P8: 4 | Q8: 2 | R8: 2 | S8: 3 | T8: 4 | U8: 3 | V8: 5 | W8: 2 | X8: 1 | Y8: 2 | Z8: 5 | AA8: 3 | AB8: 4 | AC8: 3 | AD8: 3 | AE8: 5
A9: Base | B9: B7 | C9: 0 | D9: 39.535 | E9: 0 | F9: 20.043 | G9: 0 | H9: 26.509 | I9: 1 | J9: 27.4 | K9: 1 | L9: 15.133 | M9: 3 | N9: 5.475 | O9: 4 | P9: 2 | Q9: 3 | R9: 5 | S9: 4 | T9: 4 | U9: 3 | V9: 4 | W9: 3 | X9: 4 | Y9: 3 | Z9: 3 | AA9: 2 | AB9: 3 | AC9: 3 | AD9: 4 | AE9: 3
A10: Base | B10: B8 | C10: 1 | D10: 97.201 | E10: 1 | F10: 66.769 | G10: 0 | H10: 53.695 | I10: 0 | J10: 94.124 | K10: 1 | L10: 53.548 | M10: 2 | N10: 7.262 | O10: 2 | P10: 1 | Q10: 1 | R10: 2 | S10: 2 | T10: 4 | U10: 4 | V10: 1 | W10: 3 | X10: 1 | Y10: 1 | Z10: 3 | AA10: 4 | AB10: 4 | AC10: 3 | AD10: 2 | AE10: 4
A11: Base | B11: B9 | C11: 0 | D11: 94.363 | E11: 1 | F11: 134.552 | G11: 0 | H11: 164.615 | I11: 0 | J11: 109.273 | K11: 1 | L11: 100.547 | M11: 4 | N11: 11.667 | O11: 4 | P11: 4 | Q11: 4 | R11: 5 | S11: 4 | T11: 4 | U11: 3 | V11: 5 | W11: 3 | X11: 5 | Y11: 4 | Z11: 3 | AA11: 2 | AB11: 5 | AC11: 3 | AD11: 4 | AE11: 2
A12: Base | B12: B10 | C12: 1 | D12: 73.755 | E12: 1 | F12: 104.163 | G12: 1 | H12: 103.395 | I12: 1 | J12: 64.854 | K12: 1 | L12: 43.241 | M12: 2 | N12: 16.542 | O12: 2 | P12: 2 | Q12: 1 | R12: 2 | S12: 2 | T12: 4 | U12: 3 | V12: 5 | W12: 3 | X12: 1 | Y12: 1 | Z12: 5 | AA12: 3 | AB12: 2 | AC12: 3 | AD12: 3 | AE12: 5
A13: Base | B13: B11 | C13: 1 | D13: 59.43 | E13: 1 | F13: 61.165 | G13: 0 | H13: 181.272 | I13: 0 | J13: 119.923 | K13: 0 | L13: 54.713 | M13: 4 | N13: 9.748 | O13: 5 | P13: 5 | Q13: 4 | R13: 5 | S13: 4 | T13: 4 | U13: 4 | V13: 5 | W13: 5 | X13: 4 | Y13: 4 | Z13: 4 | AA13: 4 | AB13: 4 | AC13: 3 | AD13: 4 | AE13: 4
A14: Base | B14: B12 | C14: 0 | D14: 152.91 | E14: 1 | F14: 82.964 | G14: 1 | H14: 119.687 | I14: 1 | J14: 48.456 | K14: 1 | L14: 94.359 | M14: 4 | N14: 9.968 | O14: 4 | P14: 4 | Q14: 4 | R14: 4 | S14: 4 | T14: 4 | U14: 5 | V14: 5 | W14: 4 | X14: 3 | Y14: 5 | Z14: 4 | AA14: 3 | AB14: 4 | AC14: 3 | AD14: 3 | AE14: 2
... A95: Enhanced | B95: E46 | C95: 1 | D95: 136.005 | E95: 1 | F95: 48.802 | G95: 1 | H95: 70.144 | I95: 1 | J95: 80.374 | K95: 1 | L95: 23.531 | M95: 3 | N95: 3.808 | O95: 5 | P95: 5 | Q95: 5 | R95: 5 | S95: 4 | T95: 4 | U95: 4 | V95: 5 | W95: 4 | X95: 4 | Y95: 4 | Z95: 3 | AA95: 3 | AB95: 4 | AC95: 3 | AD95: 4 | AE95: 2

Sheet convert
A1: Model | B1: Student | C1: Accuracy | D1: Time | E1: Confidence | F1: PC | G1: EF | H1: CF | I1: CE | J1: CL | K1: DS | L1: UI | M1: VA
A2: Base | B2: B1 | C2: =SUM(raw_check!C3,raw_check!E3,raw_check!G3,raw_check!I3,raw_check!K3)/5*100 -> 100 | D2: =AVEDEV(raw_check!D3,raw_check!F3,raw_check!H3,raw_check!J3,raw_check!L3) -> 20.93528 | E2: =raw_check!M3 -> 4 | F2: =AVERAGE(raw_check!O3,raw_check!Q3,raw_check!U3) -> 4 | G2: =raw_check!R3 -> 5 | H2: =raw_check!S3 -> 4 | I2: =raw_check!V3 -> 4 | J2: =6-raw_check!W3 -> 1 | K2: =raw_check!Y3 -> 4 | L2: =raw_check!X3 -> 1 | M2: =raw_check!P3 -> 3
A3: Base | B3: B2 | C3: =SUM(raw_check!C4,raw_check!E4,raw_check!G4,raw_check!I4,raw_check!K4)/5*100 -> 100 | D3: =AVEDEV(raw_check!D4,raw_check!F4,raw_check!H4,raw_check!J4,raw_check!L4) -> 25.1596 | E3: =raw_check!M4 -> 3 | F3: =AVERAGE(raw_check!O4,raw_check!Q4,raw_check!U4) -> 3.6666667 | G3: =raw_check!R4 -> 4 | H3: =raw_check!S4 -> 4 | I3: =raw_check!V4 -> 5 | J3: =6-raw_check!W4 -> 3 | K3: =raw_check!Y4 -> 5 | L3: =raw_check!X4 -> 3 | M3: =raw_check!P4 -> 5
A4: Base | B4: B3 | C4: =SUM(raw_check!C5,raw_check!E5,raw_check!G5,raw_check!I5,raw_check!K5)/5*100 -> 80 | D4: =AVEDEV(raw_check!D5,raw_check!F5,raw_check!H5,raw_check!J5,raw_check!L5) -> 11.5448 | E4: =raw_check!M5 -> 4 | F4: =AVERAGE(raw_check!O5,raw_check!Q5,raw_check!U5) -> 2.3333333 | G4: =raw_check!R5 -> 2 | H4: =raw_check!S5 -> 2 | I4: =raw_check!V5 -> 5 | J4: =6-raw_check!W5 -> 2 | K4: =raw_check!Y5 -> 3 | L4: =raw_check!X5 -> 3 | M4: =raw_check!P5 -> 3
A5: Base | B5: B4 | C5: =SUM(raw_check!C6,raw_check!E6,raw_check!G6,raw_check!I6,raw_check!K6)/5*100 -> 80 | D5: =AVEDEV(raw_check!D6,raw_check!F6,raw_check!H6,raw_check!J6,raw_check!L6) -> 7.4056 | E5: =raw_check!M6 -> 2 | F5: =AVERAGE(raw_check!O6,raw_check!Q6,raw_check!U6) -> 2 | G5: =raw_check!R6 -> 1 | H5: =raw_check!S6 -> 1 | I5: =raw_check!V6 -> 4 | J5: =6-raw_check!W6 -> 3 | K5: =raw_check!Y6 -> 1 | L5: =raw_check!X6 -> 1 | M5: =raw_check!P6 -> 2
A6: Base | B6: B5 | C6: =SUM(raw_check!C7,raw_check!E7,raw_check!G7,raw_check!I7,raw_check!K7)/5*100 -> 100 | D6: =AVEDEV(raw_check!D7,raw_check!F7,raw_check!H7,raw_check!J7,raw_check!L7) -> 32.48024 | E6: =raw_check!M7 -> 4 | F6: =AVERAGE(raw_check!O7,raw_check!Q7,raw_check!U7) -> 5 | G6: =raw_check!R7 -> 5 | H6: =raw_check!S7 -> 5 | I6: =raw_check!V7 -> 5 | J6: =6-raw_check!W7 -> 1 | K6: =raw_check!Y7 -> 5 | L6: =raw_check!X7 -> 5 | M6: =raw_check!P7 -> 5
A7: Base | B7: B6 | C7: =SUM(raw_check!C8,raw_check!E8,raw_check!G8,raw_check!I8,raw_check!K8)/5*100 -> 80 | D7: =AVEDEV(raw_check!D8,raw_check!F8,raw_check!H8,raw_check!J8,raw_check!L8) -> 20.41808 | E7: =raw_check!M8 -> 3 | F7: =AVERAGE(raw_check!O8,raw_check!Q8,raw_check!U8) -> 2.3333333 | G7: =raw_check!R8 -> 2 | H7: =raw_check!S8 -> 3 | I7: =raw_check!V8 -> 5 | J7: =6-raw_check!W8 -> 4 | K7: =raw_check!Y8 -> 2 | L7: =raw_check!X8 -> 1 | M7: =raw_check!P8 -> 4
A8: Base | B8: B7 | C8: =SUM(raw_check!C9,raw_check!E9,raw_check!G9,raw_check!I9,raw_check!K9)/5*100 -> 40 | D8: =AVEDEV(raw_check!D9,raw_check!F9,raw_check!H9,raw_check!J9,raw_check!L9) -> 6.5088 | E8: =raw_check!M9 -> 3 | F8: =AVERAGE(raw_check!O9,raw_check!Q9,raw_check!U9) -> 3.3333333 | G8: =raw_check!R9 -> 5 | H8: =raw_check!S9 -> 4 | I8: =raw_check!V9 -> 4 | J8: =6-raw_check!W9 -> 3 | K8: =raw_check!Y9 -> 3 | L8: =raw_check!X9 -> 4 | M8: =raw_check!P9 -> 2
A9: Base | B9: B8 | C9: =SUM(raw_check!C10,raw_check!E10,raw_check!G10,raw_check!I10,raw_check!K10)/5*100 -> 60 | D9: =AVEDEV(raw_check!D10,raw_check!F10,raw_check!H10,raw_check!J10,raw_check!L10) -> 18.07608 | E9: =raw_check!M10 -> 2 | F9: =AVERAGE(raw_check!O10,raw_check!Q10,raw_check!U10) -> 2.3333333 | G9: =raw_check!R10 -> 2 | H9: =raw_check!S10 -> 2 | I9: =raw_check!V10 -> 1 | J9: =6-raw_check!W10 -> 3 | K9: =raw_check!Y10 -> 1 | L9: =raw_check!X10 -> 1 | M9: =raw_check!P10 -> 1
A10: Base | B10: B9 | C10: =SUM(raw_check!C11,raw_check!E11,raw_check!G11,raw_check!I11,raw_check!K11)/5*100 -> 40 | D10: =AVEDEV(raw_check!D11,raw_check!F11,raw_check!H11,raw_check!J11,raw_check!L11) -> 23.1308 | E10: =raw_check!M11 -> 4 | F10: =AVERAGE(raw_check!O11,raw_check!Q11,raw_check!U11) -> 3.6666667 | G10: =raw_check!R11 -> 5 | H10: =raw_check!S11 -> 4 | I10: =raw_check!V11 -> 5 | J10: =6-raw_check!W11 -> 3 | K10: =raw_check!Y11 -> 4 | L10: =raw_check!X11 -> 5 | M10: =raw_check!P11 -> 4
A11: Base | B11: B10 | C11: =SUM(raw_check!C12,raw_check!E12,raw_check!G12,raw_check!I12,raw_check!K12)/5*100 -> 100 | D11: =AVEDEV(raw_check!D12,raw_check!F12,raw_check!H12,raw_check!J12,raw_check!L12) -> 20.71792 | E11: =raw_check!M12 -> 2 | F11: =AVERAGE(raw_check!O12,raw_check!Q12,raw_check!U12) -> 2 | G11: =raw_check!R12 -> 2 | H11: =raw_check!S12 -> 2 | I11: =raw_check!V12 -> 5 | J11: =6-raw_check!W12 -> 3 | K11: =raw_check!Y12 -> 1 | L11: =raw_check!X12 -> 1 | M11: =raw_check!P12 -> 2
A12: Base | B12: B11 | C12: =SUM(raw_check!C13,raw_check!E13,raw_check!G13,raw_check!I13,raw_check!K13)/5*100 -> 40 | D12: =AVEDEV(raw_check!D13,raw_check!F13,raw_check!H13,raw_check!J13,raw_check!L13) -> 44.23752 | E12: =raw_check!M13 -> 4 | F12: =AVERAGE(raw_check!O13,raw_check!Q13,raw_check!U13) -> 4.3333333 | G12: =raw_check!R13 -> 5 | H12: =raw_check!S13 -> 4 | I12: =raw_check!V13 -> 5 | J12: =6-raw_check!W13 -> 1 | K12: =raw_check!Y13 -> 4 | L12: =raw_check!X13 -> 4 | M12: =raw_check!P13 -> 5
A13: Base | B13: B12 | C13: =SUM(raw_check!C14,raw_check!E14,raw_check!G14,raw_check!I14,raw_check!K14)/5*100 -> 80 | D13: =AVEDEV(raw_check!D14,raw_check!F14,raw_check!H14,raw_check!J14,raw_check!L14) -> 29.29864 | E13: =raw_check!M14 -> 4 | F13: =AVERAGE(raw_check!O14,raw_check!Q14,raw_check!U14) -> 4.3333333 | G13: =raw_check!R14 -> 4 | H13: =raw_check!S14 -> 4 | I13: =raw_check!V14 -> 5 | J13: =6-raw_check!W14 -> 2 | K13: =raw_check!Y14 -> 5 | L13: =raw_check!X14 -> 3 | M13: =raw_check!P14 -> 4
... A94: Enhanced | B94: E46 | C94: =SUM(raw_check!C95,raw_check!E95,raw_check!G95,raw_check!I95,raw_check!K95)/5*100 -> 100 | D94: =AVEDEV(raw_check!D95,raw_check!F95,raw_check!H95,raw_check!J95,raw_check!L95) -> 29.13464 | E94: =raw_check!M95 -> 3 | F94: =AVERAGE(raw_check!O95,raw_check!Q95,raw_check!U95) -> 4.6666667 | G94: =raw_check!R95 -> 5 | H94: =raw_check!S95 -> 4 | I94: =raw_check!V95 -> 5 | J94: =6-raw_check!W95 -> 2 | K94: =raw_check!Y95 -> 4 | L94: =raw_check!X95 -> 4 | M94: =raw_check!P95 -> 5
